ID товара;наименование;описание;цена;орг %;ccылка на товар на сайте поставщика;ссылки на Фото;размер
;MY Топ женский BR492 TOP SPORT (1/100) (sangria (темно-вишневый) #781156;MY Арт: MY Топ женский BR492 TOP SPORT (1/100) (sangria (темно-вишневый) sangria (темно-вишневый) ID: 781156 Цвет: Sangria (темно-вишневый) Состав: 95% Полиамид, 5% Эластан Сезон: Весна-Лето Дополнительная информация:/Модель лифа Без чашек/Основная ткань Полиамид/Страна бренда Россия/Страна производства Сербия/Бретели Широкие Описание: Женский спортивный топ на широких бретелях. Модель выполнена из мягкой эластичной микрофибры, с фактурными вставками, без чашки. Анатомическая вязка повторяет форму груди, плотная резинка по низу и широкие бретели обеспечивают комфортную поддержку. Материал изделия не вызывает раздражений и не накапливает внешние аллергены. Не мнется и не требует глажения. Перед использованием рекомендуем ручную стирку с использованием мягких моющих средств, в чехлах для стирки или отдельно от других вещей.;999.00;15;https://optmoyo.ru/product/781156;;"(42/44) S;(44/46) M;(46/48) L"
;MY Топ женский BR492 TOP SPORT (1/100) (sea (море) #781155;MY Арт: MY Топ женский BR492 TOP SPORT (1/100) (sea (море) sea (море) ID: 781155 Цвет: Sea (море) Состав: 95% Полиамид, 5% Эластан Сезон: Весна-Лето Дополнительная информация:/Модель лифа Без чашек/Основная ткань Полиамид/Страна бренда Россия/Страна производства Сербия/Бретели Широкие Описание: Женский спортивный топ на широких бретелях. Модель выполнена из мягкой эластичной микрофибры, с фактурными вставками, без чашки. Анатомическая вязка повторяет форму груди, плотная резинка по низу и широкие бретели обеспечивают комфортную поддержку. Материал изделия не вызывает раздражений и не накапливает внешние аллергены. Не мнется и не требует глажения. Перед использованием рекомендуем ручную стирку с использованием мягких моющих средств, в чехлах для стирки или отдельно от других вещей.;999.00;15;https://optmoyo.ru/product/781155;;"(42/44) S;(44/46) M;(46/48) L"
;MY Топ женский BR492 TOP SPORT (1/100) (nero (черный) #781154;MY Арт: MY Топ женский BR492 TOP SPORT (1/100) (nero (черный) nero (черный) ID: 781154 Цвет: Nero (черный) Состав: 95% Полиамид, 5% Эластан Сезон: Весна-Лето Дополнительная информация:/Модель лифа Без чашек/Основная ткань Полиамид/Страна бренда Россия/Страна производства Сербия/Бретели Широкие Описание: Женский спортивный топ на широких бретелях. Модель выполнена из мягкой эластичной микрофибры, с фактурными вставками, без чашки. Анатомическая вязка повторяет форму груди, плотная резинка по низу и широкие бретели обеспечивают комфортную поддержку. Материал изделия не вызывает раздражений и не накапливает внешние аллергены. Не мнется и не требует глажения. Перед использованием рекомендуем ручную стирку с использованием мягких моющих средств, в чехлах для стирки или отдельно от других вещей.;999.00;15;https://optmoyo.ru/product/781154;;"(42/44) S;(44/46) M;(46/48) L"
;Топ #784573;GIULIA Арт: TOP SPORT MELANGE COLOR GRENADINE ID: 784573 Цвет: Grenadine Состав: Полиамид 95%, Эластан 5% Сезон: Весна-Лето Дополнительная информация:/Модель бюстгальтера Спортивный/Основная ткань Полиамид/Страна бренда Европа/Страна производства Китай Описание: Спортивный топ из мягкой дышащей микрофибры с эффектом меланж, на широких бретелях и спинкой-борцовкой. Яркая цветовая гамма модели позволит выделиться из толпы и подчеркнуть индивидуальность.;330.00;15;https://optmoyo.ru/product/784573;;"42/44"
;Трусы #223234;GATTA Арт: STRING ULTRA COMFORT white ID: 223234 Цвет: Белый Состав: Полиамид 85%, Эластан 13%, Хлопок 2% Сезон: Демисезон Дополнительная информация:/Модель трусиков Стринги/Рисунок Без рисунка/Основная ткань Полиамид/Страна бренда Польша/Страна производства Польша Описание:;290.00;15;https://optmoyo.ru/product/223234;;"44;46;48"
;Топ #747986;GIULIA Арт: TOP CLASSIC GOSSAMER PINK ID: 747986 Цвет: Gossamer pink Состав: Полиамид 94%, Эластан 6% Сезон: Демисезон Дополнительная информация:/Модель бюстгальтера Закрытый/Основная ткань Полиамид/Страна бренда Европа/Страна производства Китай Описание: Бесшовный топ с широкими бретелями, выполненный из мягкой микрофибры. Модель представлена в обширной цветовой гамме.;270.00;15;https://optmoyo.ru/product/747986;;"42/44;46/48"
;Топ #775504;MINIMI Арт: MA 141 СПОРТИВНЫЙ BIANCO ID: 775504 Цвет: Bianco Состав: Полиамид 93%, Эластан 7% Сезон: Весна-Лето Дополнительная информация:/Модель бюстгальтера Закрытый/Основная ткань Полиамид/Особенности белья Бесшовное/Страна бренда Италия/Страна производства Италия Описание: Бесшовный спортивный топ со вкладышами, широкими бретелями и спинкой-борцовкой, выполненный из мягкой эластичной микрофибры. Фронтальная часть модели декорирована надписью Minimi. Современные бесшовные технологии и материалы позволяют изделию идеально облегать тело, не оставляя следов от боковых швов, создавая максимальный комфорт при активной жизни и во время отдыха.;491.00;15;https://optmoyo.ru/product/775504;;"44/46;46/48;48/50"
;MY Топ женский #774359;MY Арт: MY Топ женский TO048 TOP SENZA MANICHE RIB (1/100) (ocean (глубокий синий) ocean (глубокий синий) ID: 774359 Цвет: Ocean (глубокий синий) Состав: 97% Полиамид, 3% Эластан Сезон: Весна-Лето Дополнительная информация:/Модель бюстгальтера Закрытый/Основная ткань Полиамид/Страна бренда Россия/Страна производства Сербия/Бретели Широкие Описание: Топ в рубчик с вырезом халтер, выполнен из мягкой фактурной микрофибры. Специальная бесшовная технология позволяет изделию идеально облегать тело, полуприлегающий силуэт подчеркивает фигуру. Материал изделия не вызывает раздражений и не накапливает внешние аллергены. Не мнется и не требует глажения. Подойдет как для занятий спортом, так и для повседневных образов. Перед использованием рекомендуем ручную стирку с использованием мягких моющих средств, в чехлах для стирки или отдельно от других вещей.;986.00;15;https://optmoyo.ru/product/774359;;"(42/44) S;(44/46) M;(46/48) L"
;MY Топ женский #774358;MY Арт: MY Топ женский TO048 TOP SENZA MANICHE RIB (1/100) (lemonade (лимонный) lemonade (лимонный) ID: 774358 Цвет: Lemonade (лимонный) Состав: 97% Полиамид, 3% Эластан Сезон: Весна-Лето Дополнительная информация:/Модель бюстгальтера Закрытый/Основная ткань Полиамид/Страна бренда Россия/Страна производства Сербия/Бретели Широкие Описание: Топ в рубчик с вырезом халтер, выполнен из мягкой фактурной микрофибры. Специальная бесшовная технология позволяет изделию идеально облегать тело, полуприлегающий силуэт подчеркивает фигуру. Материал изделия не вызывает раздражений и не накапливает внешние аллергены. Не мнется и не требует глажения. Подойдет как для занятий спортом, так и для повседневных образов. Перед использованием рекомендуем ручную стирку с использованием мягких моющих средств, в чехлах для стирки или отдельно от других вещей.;986.00;15;https://optmoyo.ru/product/774358;;"(42/44) S;(44/46) M;(46/48) L"
;Топ #773279;MINIMI Арт: MA 131 НА ШИРОКИХ БРЕТЕЛЯХ RUBINO ID: 773279 Цвет: Rubino Состав: Полиамид 93%, Эластан 7% Сезон: Весна-Лето Дополнительная информация:/Модель бюстгальтера Закрытый/Основная ткань Полиамид/Особенности белья Бесшовное/Страна бренда Италия/Страна производства Италия Описание: Бесшовный топ на широких бретелях, выполненный из мягкой эластичной микрофибры. Фронтальная часть модели декорирована надписью Minimi. Современные бесшовные технологии и материалы позволяют изделию идеально облегать тело, не оставляя следов от боковых швов, создавая максимальный комфорт при активной жизни и во время отдыха.;314.00;15;https://optmoyo.ru/product/773279;;"44/46;46/48;48/50"
;Топ #773278;MINIMI Арт: MA 131 НА ШИРОКИХ БРЕТЕЛЯХ MILITARI ID: 773278 Цвет: Militari Состав: Полиамид 93%, Эластан 7% Сезон: Весна-Лето Дополнительная информация:/Модель бюстгальтера Закрытый/Основная ткань Полиамид/Особенности белья Бесшовное/Страна бренда Италия/Страна производства Италия Описание: Бесшовный топ на широких бретелях, выполненный из мягкой эластичной микрофибры. Фронтальная часть модели декорирована надписью Minimi. Современные бесшовные технологии и материалы позволяют изделию идеально облегать тело, не оставляя следов от боковых швов, создавая максимальный комфорт при активной жизни и во время отдыха.;314.00;15;https://optmoyo.ru/product/773278;http://memer.site/static/optmoyo.ru/aHR0cHM6Ly9jZG4xLm1veW8ubW9kYS93cy9leHRyYS85MDB4MTM1MC83NzMyNzgtYTMud2VicA==.jpg http://memer.site/static/optmoyo.ru/aHR0cHM6Ly9jZG4wLm1veW8ubW9kYS93cy9leHRyYS85MDB4MTM1MC83NzMyNzgtYTQud2VicA==.jpg http://memer.site/static/optmoyo.ru/aHR0cHM6Ly9jZG4xLm1veW8ubW9kYS93cy9tYWluLzkwMHgxMzUwLzc3MzI3OC53ZWJw.jpg http://memer.site/static/optmoyo.ru/aHR0cHM6Ly9jZG4wLm1veW8ubW9kYS93cy9leHRyYS85MDB4MTM1MC83NzMyNzgtYTEud2VicA==.jpg http://memer.site/static/optmoyo.ru/aHR0cHM6Ly9jZG4yLm1veW8ubW9kYS93cy9leHRyYS85MDB4MTM1MC83NzMyNzgtYTIud2VicA==.jpg;"44/46;46/48;48/50"
;Топ #773277;MINIMI Арт: MA 131 НА ШИРОКИХ БРЕТЕЛЯХ BLU NOTTE ID: 773277 Цвет: Blu notte Состав: Полиамид 93%, Эластан 7% Сезон: Весна-Лето Дополнительная информация:/Модель бюстгальтера Закрытый/Основная ткань Полиамид/Особенности белья Бесшовное/Страна бренда Италия/Страна производства Италия Описание: Бесшовный топ на широких бретелях, выполненный из мягкой эластичной микрофибры. Фронтальная часть модели декорирована надписью Minimi. Современные бесшовные технологии и материалы позволяют изделию идеально облегать тело, не оставляя следов от боковых швов, создавая максимальный комфорт при активной жизни и во время отдыха.;314.00;15;https://optmoyo.ru/product/773277;http://memer.site/static/optmoyo.ru/aHR0cHM6Ly9jZG4xLm1veW8ubW9kYS93cy9leHRyYS85MDB4MTM1MC83NzMyNzctYTMud2VicA==.jpg http://memer.site/static/optmoyo.ru/aHR0cHM6Ly9jZG4wLm1veW8ubW9kYS93cy9leHRyYS85MDB4MTM1MC83NzMyNzctYTQud2VicA==.jpg http://memer.site/static/optmoyo.ru/aHR0cHM6Ly9jZG4wLm1veW8ubW9kYS93cy9tYWluLzkwMHgxMzUwLzc3MzI3Ny53ZWJw.jpg http://memer.site/static/optmoyo.ru/aHR0cHM6Ly9jZG4wLm1veW8ubW9kYS93cy9leHRyYS85MDB4MTM1MC83NzMyNzctYTEud2VicA==.jpg http://memer.site/static/optmoyo.ru/aHR0cHM6Ly9jZG4yLm1veW8ubW9kYS93cy9leHRyYS85MDB4MTM1MC83NzMyNzctYTIud2VicA==.jpg;"44/46;46/48;48/50"
;Топ #773276;MINIMI Арт: MA 131 НА ШИРОКИХ БРЕТЕЛЯХ NERO ID: 773276 Цвет: Nero Состав: Полиамид 93%, Эластан 7% Сезон: Весна-Лето Дополнительная информация:/Модель бюстгальтера Закрытый/Основная ткань Полиамид/Особенности белья Бесшовное/Страна бренда Италия/Страна производства Италия Описание: Бесшовный топ на широких бретелях, выполненный из мягкой эластичной микрофибры. Фронтальная часть модели декорирована надписью Minimi. Современные бесшовные технологии и материалы позволяют изделию идеально облегать тело, не оставляя следов от боковых швов, создавая максимальный комфорт при активной жизни и во время отдыха.;314.00;15;https://optmoyo.ru/product/773276;http://memer.site/static/optmoyo.ru/aHR0cHM6Ly9jZG4yLm1veW8ubW9kYS93cy9leHRyYS85MDB4MTM1MC83NzMyNzYtYTMud2VicA==.jpg http://memer.site/static/optmoyo.ru/aHR0cHM6Ly9jZG4xLm1veW8ubW9kYS93cy9leHRyYS85MDB4MTM1MC83NzMyNzYtYTQud2VicA==.jpg http://memer.site/static/optmoyo.ru/aHR0cHM6Ly9jZG4yLm1veW8ubW9kYS93cy9tYWluLzkwMHgxMzUwLzc3MzI3Ni53ZWJw.jpg http://memer.site/static/optmoyo.ru/aHR0cHM6Ly9jZG4xLm1veW8ubW9kYS93cy9leHRyYS85MDB4MTM1MC83NzMyNzYtYTEud2VicA==.jpg http://memer.site/static/optmoyo.ru/aHR0cHM6Ly9jZG4wLm1veW8ubW9kYS93cy9leHRyYS85MDB4MTM1MC83NzMyNzYtYTIud2VicA==.jpg;"44/46;46/48;48/50"
;Топ #773275;MINIMI Арт: MA 131 НА ШИРОКИХ БРЕТЕЛЯХ BIANCO ID: 773275 Цвет: Bianco Состав: Полиамид 93%, Эластан 7% Сезон: Весна-Лето Дополнительная информация:/Модель бюстгальтера Закрытый/Основная ткань Полиамид/Особенности белья Бесшовное/Страна бренда Италия/Страна производства Италия Описание: Бесшовный топ на широких бретелях, выполненный из мягкой эластичной микрофибры. Фронтальная часть модели декорирована надписью Minimi. Современные бесшовные технологии и материалы позволяют изделию идеально облегать тело, не оставляя следов от боковых швов, создавая максимальный комфорт при активной жизни и во время отдыха.;314.00;15;https://optmoyo.ru/product/773275;http://memer.site/static/optmoyo.ru/aHR0cHM6Ly9jZG4wLm1veW8ubW9kYS93cy9leHRyYS85MDB4MTM1MC83NzMyNzUtYTMud2VicA==.jpg http://memer.site/static/optmoyo.ru/aHR0cHM6Ly9jZG4yLm1veW8ubW9kYS93cy9leHRyYS85MDB4MTM1MC83NzMyNzUtYTQud2VicA==.jpg http://memer.site/static/optmoyo.ru/aHR0cHM6Ly9jZG4xLm1veW8ubW9kYS93cy9tYWluLzkwMHgxMzUwLzc3MzI3NS53ZWJw.jpg http://memer.site/static/optmoyo.ru/aHR0cHM6Ly9jZG4yLm1veW8ubW9kYS93cy9leHRyYS85MDB4MTM1MC83NzMyNzUtYTEud2VicA==.jpg http://memer.site/static/optmoyo.ru/aHR0cHM6Ly9jZG4xLm1veW8ubW9kYS93cy9leHRyYS85MDB4MTM1MC83NzMyNzUtYTIud2VicA==.jpg;"44/46;46/48;48/50"
;Топ #773274;MINIMI Арт: MA 131 НА ШИРОКИХ БРЕТЕЛЯХ BEIGE ID: 773274 Цвет: Beige Состав: Полиамид 93%, Эластан 7% Сезон: Весна-Лето Дополнительная информация:/Модель бюстгальтера Закрытый/Основная ткань Полиамид/Особенности белья Бесшовное/Страна бренда Италия/Страна производства Италия Описание: Бесшовный топ на широких бретелях, выполненный из мягкой эластичной микрофибры. Фронтальная часть модели декорирована надписью Minimi. Современные бесшовные технологии и материалы позволяют изделию идеально облегать тело, не оставляя следов от боковых швов, создавая максимальный комфорт при активной жизни и во время отдыха.;314.00;15;https://optmoyo.ru/product/773274;http://memer.site/static/optmoyo.ru/aHR0cHM6Ly9jZG4xLm1veW8ubW9kYS93cy9leHRyYS85MDB4MTM1MC83NzMyNzQtYTMud2VicA==.jpg http://memer.site/static/optmoyo.ru/aHR0cHM6Ly9jZG4wLm1veW8ubW9kYS93cy9leHRyYS85MDB4MTM1MC83NzMyNzQtYTQud2VicA==.jpg http://memer.site/static/optmoyo.ru/aHR0cHM6Ly9jZG4wLm1veW8ubW9kYS93cy9tYWluLzkwMHgxMzUwLzc3MzI3NC53ZWJw.jpg http://memer.site/static/optmoyo.ru/aHR0cHM6Ly9jZG4wLm1veW8ubW9kYS93cy9leHRyYS85MDB4MTM1MC83NzMyNzQtYTEud2VicA==.jpg http://memer.site/static/optmoyo.ru/aHR0cHM6Ly9jZG4yLm1veW8ubW9kYS93cy9leHRyYS85MDB4MTM1MC83NzMyNzQtYTIud2VicA==.jpg;"44/46;46/48;48/50"
;Топ #773273;MINIMI Арт: MA 121 НА ТОНКИХ БРЕТЕЛЯХ RUBINO ID: 773273 Цвет: Rubino Состав: Полиамид 93%, Эластан 7% Сезон: Весна-Лето Дополнительная информация:/Модель бюстгальтера Закрытый/Основная ткань Полиамид/Особенности белья Бесшовное/Страна бренда Италия/Страна производства Италия Описание: Бесшовный топ на тонких бретелях, выполненный из мягкой эластичной микрофибры. Фронтальная часть модели декорирована надписью Minimi. Современные бесшовные технологии и материалы позволяют изделию идеально облегать тело, не оставляя следов от боковых швов, создавая максимальный комфорт при активной жизни и во время отдыха.;283.00;15;https://optmoyo.ru/product/773273;http://memer.site/static/optmoyo.ru/aHR0cHM6Ly9jZG4wLm1veW8ubW9kYS93cy9leHRyYS85MDB4MTM1MC83NzMyNzMtYTMud2VicA==.jpg http://memer.site/static/optmoyo.ru/aHR0cHM6Ly9jZG4yLm1veW8ubW9kYS93cy9leHRyYS85MDB4MTM1MC83NzMyNzMtYTQud2VicA==.jpg http://memer.site/static/optmoyo.ru/aHR0cHM6Ly9jZG4yLm1veW8ubW9kYS93cy9tYWluLzkwMHgxMzUwLzc3MzI3My53ZWJw.jpg http://memer.site/static/optmoyo.ru/aHR0cHM6Ly9jZG4yLm1veW8ubW9kYS93cy9leHRyYS85MDB4MTM1MC83NzMyNzMtYTEud2VicA==.jpg http://memer.site/static/optmoyo.ru/aHR0cHM6Ly9jZG4xLm1veW8ubW9kYS93cy9leHRyYS85MDB4MTM1MC83NzMyNzMtYTIud2VicA==.jpg;"44/46;46/48;48/50"
;Топ #773272;MINIMI Арт: MA 121 НА ТОНКИХ БРЕТЕЛЯХ ROSA ANTICO ID: 773272 Цвет: Rosa antico Состав: Полиамид 93%, Эластан 7% Сезон: Весна-Лето Дополнительная информация:/Модель бюстгальтера Закрытый/Основная ткань Полиамид/Особенности белья Бесшовное/Страна бренда Италия/Страна производства Италия Описание: Бесшовный топ на тонких бретелях, выполненный из мягкой эластичной микрофибры. Фронтальная часть модели декорирована надписью Minimi. Современные бесшовные технологии и материалы позволяют изделию идеально облегать тело, не оставляя следов от боковых швов, создавая максимальный комфорт при активной жизни и во время отдыха.;283.00;15;https://optmoyo.ru/product/773272;http://memer.site/static/optmoyo.ru/aHR0cHM6Ly9jZG4xLm1veW8ubW9kYS93cy9leHRyYS85MDB4MTM1MC83NzMyNzItYTMud2VicA==.jpg http://memer.site/static/optmoyo.ru/aHR0cHM6Ly9jZG4wLm1veW8ubW9kYS93cy9leHRyYS85MDB4MTM1MC83NzMyNzItYTQud2VicA==.jpg http://memer.site/static/optmoyo.ru/aHR0cHM6Ly9jZG4xLm1veW8ubW9kYS93cy9tYWluLzkwMHgxMzUwLzc3MzI3Mi53ZWJw.jpg http://memer.site/static/optmoyo.ru/aHR0cHM6Ly9jZG4wLm1veW8ubW9kYS93cy9leHRyYS85MDB4MTM1MC83NzMyNzItYTEud2VicA==.jpg http://memer.site/static/optmoyo.ru/aHR0cHM6Ly9jZG4yLm1veW8ubW9kYS93cy9leHRyYS85MDB4MTM1MC83NzMyNzItYTIud2VicA==.jpg;"44/46;46/48;48/50"
;Топ #773271;MINIMI Арт: MA 121 НА ТОНКИХ БРЕТЕЛЯХ ROSA ID: 773271 Цвет: Rosa Состав: Полиамид 93%, Эластан 7% Сезон: Весна-Лето Дополнительная информация:/Модель бюстгальтера Закрытый/Основная ткань Полиамид/Особенности белья Бесшовное/Страна бренда Италия/Страна производства Италия Описание: Бесшовный топ на тонких бретелях, выполненный из мягкой эластичной микрофибры. Фронтальная часть модели декорирована надписью Minimi. Современные бесшовные технологии и материалы позволяют изделию идеально облегать тело, не оставляя следов от боковых швов, создавая максимальный комфорт при активной жизни и во время отдыха.;283.00;15;https://optmoyo.ru/product/773271;http://memer.site/static/optmoyo.ru/aHR0cHM6Ly9jZG4yLm1veW8ubW9kYS93cy9leHRyYS85MDB4MTM1MC83NzMyNzEtYTMud2VicA==.jpg http://memer.site/static/optmoyo.ru/aHR0cHM6Ly9jZG4xLm1veW8ubW9kYS93cy9leHRyYS85MDB4MTM1MC83NzMyNzEtYTQud2VicA==.jpg http://memer.site/static/optmoyo.ru/aHR0cHM6Ly9jZG4wLm1veW8ubW9kYS93cy9tYWluLzkwMHgxMzUwLzc3MzI3MS53ZWJw.jpg http://memer.site/static/optmoyo.ru/aHR0cHM6Ly9jZG4xLm1veW8ubW9kYS93cy9leHRyYS85MDB4MTM1MC83NzMyNzEtYTEud2VicA==.jpg http://memer.site/static/optmoyo.ru/aHR0cHM6Ly9jZG4wLm1veW8ubW9kYS93cy9leHRyYS85MDB4MTM1MC83NzMyNzEtYTIud2VicA==.jpg;"44/46;46/48;48/50"
;Топ #773270;MINIMI Арт: MA 121 НА ТОНКИХ БРЕТЕЛЯХ INDIGO ID: 773270 Цвет: Indigo Состав: Полиамид 93%, Эластан 7% Сезон: Весна-Лето Дополнительная информация:/Модель бюстгальтера Закрытый/Основная ткань Полиамид/Особенности белья Бесшовное/Страна бренда Италия/Страна производства Италия Описание: Бесшовный топ на тонких бретелях, выполненный из мягкой эластичной микрофибры. Фронтальная часть модели декорирована надписью Minimi. Современные бесшовные технологии и материалы позволяют изделию идеально облегать тело, не оставляя следов от боковых швов, создавая максимальный комфорт при активной жизни и во время отдыха.;283.00;15;https://optmoyo.ru/product/773270;http://memer.site/static/optmoyo.ru/aHR0cHM6Ly9jZG4xLm1veW8ubW9kYS93cy9leHRyYS85MDB4MTM1MC83NzMyNzAtYTMud2VicA==.jpg http://memer.site/static/optmoyo.ru/aHR0cHM6Ly9jZG4wLm1veW8ubW9kYS93cy9leHRyYS85MDB4MTM1MC83NzMyNzAtYTQud2VicA==.jpg http://memer.site/static/optmoyo.ru/aHR0cHM6Ly9jZG4yLm1veW8ubW9kYS93cy9tYWluLzkwMHgxMzUwLzc3MzI3MC53ZWJw.jpg http://memer.site/static/optmoyo.ru/aHR0cHM6Ly9jZG4wLm1veW8ubW9kYS93cy9leHRyYS85MDB4MTM1MC83NzMyNzAtYTEud2VicA==.jpg http://memer.site/static/optmoyo.ru/aHR0cHM6Ly9jZG4yLm1veW8ubW9kYS93cy9leHRyYS85MDB4MTM1MC83NzMyNzAtYTIud2VicA==.jpg;"44/46;46/48;48/50"
;Топ #773269;MINIMI Арт: MA 121 НА ТОНКИХ БРЕТЕЛЯХ CELESTE ID: 773269 Цвет: Celeste Состав: Полиамид 93%, Эластан 7% Сезон: Весна-Лето Дополнительная информация:/Модель бюстгальтера Закрытый/Основная ткань Полиамид/Особенности белья Бесшовное/Страна бренда Италия/Страна производства Италия Описание: Бесшовный топ на тонких бретелях, выполненный из мягкой эластичной микрофибры. Фронтальная часть модели декорирована надписью Minimi. Современные бесшовные технологии и материалы позволяют изделию идеально облегать тело, не оставляя следов от боковых швов, создавая максимальный комфорт при активной жизни и во время отдыха.;283.00;15;https://optmoyo.ru/product/773269;http://memer.site/static/optmoyo.ru/aHR0cHM6Ly9jZG4wLm1veW8ubW9kYS93cy9leHRyYS85MDB4MTM1MC83NzMyNjktbjY2NzEzMS53ZWJw.jpg http://memer.site/static/optmoyo.ru/aHR0cHM6Ly9jZG4yLm1veW8ubW9kYS93cy9leHRyYS85MDB4MTM1MC83NzMyNjktbjY2NzEzMi53ZWJw.jpg http://memer.site/static/optmoyo.ru/aHR0cHM6Ly9jZG4xLm1veW8ubW9kYS93cy9tYWluLzkwMHgxMzUwLzc3MzI2OS53ZWJw.jpg http://memer.site/static/optmoyo.ru/aHR0cHM6Ly9jZG4xLm1veW8ubW9kYS93cy9leHRyYS85MDB4MTM1MC83NzMyNjktbjY2NzEzMC53ZWJw.jpg;"44/46;46/48;48/50"
;Топ #773268;MINIMI Арт: MA 121 НА ТОНКИХ БРЕТЕЛЯХ NERO ID: 773268 Цвет: Nero Состав: Полиамид 93%, Эластан 7% Сезон: Весна-Лето Дополнительная информация:/Модель бюстгальтера Закрытый/Основная ткань Полиамид/Особенности белья Бесшовное/Страна бренда Италия/Страна производства Италия Описание: Бесшовный топ на тонких бретелях, выполненный из мягкой эластичной микрофибры. Фронтальная часть модели декорирована надписью Minimi. Современные бесшовные технологии и материалы позволяют изделию идеально облегать тело, не оставляя следов от боковых швов, создавая максимальный комфорт при активной жизни и во время отдыха.;283.00;15;https://optmoyo.ru/product/773268;http://memer.site/static/optmoyo.ru/aHR0cHM6Ly9jZG4xLm1veW8ubW9kYS93cy9leHRyYS85MDB4MTM1MC83NzMyNjgtYTMud2VicA==.jpg http://memer.site/static/optmoyo.ru/aHR0cHM6Ly9jZG4wLm1veW8ubW9kYS93cy9leHRyYS85MDB4MTM1MC83NzMyNjgtYTQud2VicA==.jpg http://memer.site/static/optmoyo.ru/aHR0cHM6Ly9jZG4wLm1veW8ubW9kYS93cy9tYWluLzkwMHgxMzUwLzc3MzI2OC53ZWJw.jpg http://memer.site/static/optmoyo.ru/aHR0cHM6Ly9jZG4wLm1veW8ubW9kYS93cy9leHRyYS85MDB4MTM1MC83NzMyNjgtYTEud2VicA==.jpg http://memer.site/static/optmoyo.ru/aHR0cHM6Ly9jZG4yLm1veW8ubW9kYS93cy9leHRyYS85MDB4MTM1MC83NzMyNjgtYTIud2VicA==.jpg;"44/46;46/48;48/50"
;Топ #773267;MINIMI Арт: MA 121 НА ТОНКИХ БРЕТЕЛЯХ BIANCO ID: 773267 Цвет: Bianco Состав: Полиамид 93%, Эластан 7% Сезон: Весна-Лето Дополнительная информация:/Модель бюстгальтера Закрытый/Основная ткань Полиамид/Особенности белья Бесшовное/Страна бренда Италия/Страна производства Италия Описание: Бесшовный топ на тонких бретелях, выполненный из мягкой эластичной микрофибры. Фронтальная часть модели декорирована надписью Minimi. Современные бесшовные технологии и материалы позволяют изделию идеально облегать тело, не оставляя следов от боковых швов, создавая максимальный комфорт при активной жизни и во время отдыха.;283.00;15;https://optmoyo.ru/product/773267;http://memer.site/static/optmoyo.ru/aHR0cHM6Ly9jZG4wLm1veW8ubW9kYS93cy9leHRyYS85MDB4MTM1MC83NzMyNjctYTMud2VicA==.jpg http://memer.site/static/optmoyo.ru/aHR0cHM6Ly9jZG4yLm1veW8ubW9kYS93cy9leHRyYS85MDB4MTM1MC83NzMyNjctYTQud2VicA==.jpg http://memer.site/static/optmoyo.ru/aHR0cHM6Ly9jZG4yLm1veW8ubW9kYS93cy9tYWluLzkwMHgxMzUwLzc3MzI2Ny53ZWJw.jpg http://memer.site/static/optmoyo.ru/aHR0cHM6Ly9jZG4yLm1veW8ubW9kYS93cy9leHRyYS85MDB4MTM1MC83NzMyNjctYTEud2VicA==.jpg http://memer.site/static/optmoyo.ru/aHR0cHM6Ly9jZG4xLm1veW8ubW9kYS93cy9leHRyYS85MDB4MTM1MC83NzMyNjctYTIud2VicA==.jpg;"44/46;46/48;48/50"
;Топ #773266;MINIMI Арт: MA 121 НА ТОНКИХ БРЕТЕЛЯХ BEIGE ID: 773266 Цвет: Beige Состав: Полиамид 93%, Эластан 7% Сезон: Весна-Лето Дополнительная информация:/Модель бюстгальтера Закрытый/Основная ткань Полиамид/Особенности белья Бесшовное/Страна бренда Италия/Страна производства Италия Описание: Бесшовный топ на тонких бретелях, выполненный из мягкой эластичной микрофибры. Фронтальная часть модели декорирована надписью Minimi. Современные бесшовные технологии и материалы позволяют изделию идеально облегать тело, не оставляя следов от боковых швов, создавая максимальный комфорт при активной жизни и во время отдыха.;283.00;15;https://optmoyo.ru/product/773266;http://memer.site/static/optmoyo.ru/aHR0cHM6Ly9jZG4yLm1veW8ubW9kYS93cy9leHRyYS85MDB4MTM1MC83NzMyNjYtYTMud2VicA==.jpg http://memer.site/static/optmoyo.ru/aHR0cHM6Ly9jZG4xLm1veW8ubW9kYS93cy9leHRyYS85MDB4MTM1MC83NzMyNjYtYTQud2VicA==.jpg http://memer.site/static/optmoyo.ru/aHR0cHM6Ly9jZG4xLm1veW8ubW9kYS93cy9tYWluLzkwMHgxMzUwLzc3MzI2Ni53ZWJw.jpg http://memer.site/static/optmoyo.ru/aHR0cHM6Ly9jZG4xLm1veW8ubW9kYS93cy9leHRyYS85MDB4MTM1MC83NzMyNjYtYTEud2VicA==.jpg http://memer.site/static/optmoyo.ru/aHR0cHM6Ly9jZG4wLm1veW8ubW9kYS93cy9leHRyYS85MDB4MTM1MC83NzMyNjYtYTIud2VicA==.jpg;"44/46;46/48;48/50"
;Топ #772996;MINIMI Арт: MA 141 СПОРТИВНЫЙ RUBINO ID: 772996 Цвет: Rubino Состав: Полиамид 93%, Эластан 7% Сезон: Весна-Лето Дополнительная информация:/Модель бюстгальтера Спортивный/Основная ткань Полиамид/Страна бренда Италия/Страна производства Италия Описание: Бесшовный спортивный топ со вкладышами, широкими бретелями и спинкой-борцовкой, выполненный из мягкой эластичной микрофибры. Фронтальная часть модели декорирована надписью Minimi. Современные бесшовные технологии и материалы позволяют изделию идеально облегать тело, не оставляя следов от боковых швов, создавая максимальный комфорт при активной жизни и во время отдыха.;491.00;15;https://optmoyo.ru/product/772996;http://memer.site/static/optmoyo.ru/aHR0cHM6Ly9jZG4yLm1veW8ubW9kYS93cy9leHRyYS85MDB4MTM1MC83NzI5OTYtYTMud2VicA==.jpg http://memer.site/static/optmoyo.ru/aHR0cHM6Ly9jZG4xLm1veW8ubW9kYS93cy9leHRyYS85MDB4MTM1MC83NzI5OTYtYTQud2VicA==.jpg http://memer.site/static/optmoyo.ru/aHR0cHM6Ly9jZG4xLm1veW8ubW9kYS93cy9tYWluLzkwMHgxMzUwLzc3Mjk5Ni53ZWJw.jpg http://memer.site/static/optmoyo.ru/aHR0cHM6Ly9jZG4xLm1veW8ubW9kYS93cy9leHRyYS85MDB4MTM1MC83NzI5OTYtYTEud2VicA==.jpg http://memer.site/static/optmoyo.ru/aHR0cHM6Ly9jZG4wLm1veW8ubW9kYS93cy9leHRyYS85MDB4MTM1MC83NzI5OTYtYTIud2VicA==.jpg;"44/46;46/48;48/50"
;Топ #772995;MINIMI Арт: MA 141 СПОРТИВНЫЙ NERO ID: 772995 Цвет: Nero Состав: Полиамид 93%, Эластан 7% Сезон: Весна-Лето Дополнительная информация:/Модель бюстгальтера Спортивный/Основная ткань Полиамид/Страна бренда Италия/Страна производства Италия Описание: Бесшовный спортивный топ со вкладышами, широкими бретелями и спинкой-борцовкой, выполненный из мягкой эластичной микрофибры. Фронтальная часть модели декорирована надписью Minimi. Современные бесшовные технологии и материалы позволяют изделию идеально облегать тело, не оставляя следов от боковых швов, создавая максимальный комфорт при активной жизни и во время отдыха.;491.00;15;https://optmoyo.ru/product/772995;http://memer.site/static/optmoyo.ru/aHR0cHM6Ly9jZG4wLm1veW8ubW9kYS93cy9leHRyYS85MDB4MTM1MC83NzI5OTUtYTMud2VicA==.jpg http://memer.site/static/optmoyo.ru/aHR0cHM6Ly9jZG4yLm1veW8ubW9kYS93cy9leHRyYS85MDB4MTM1MC83NzI5OTUtYTQud2VicA==.jpg http://memer.site/static/optmoyo.ru/aHR0cHM6Ly9jZG4wLm1veW8ubW9kYS93cy9tYWluLzkwMHgxMzUwLzc3Mjk5NS53ZWJw.jpg http://memer.site/static/optmoyo.ru/aHR0cHM6Ly9jZG4yLm1veW8ubW9kYS93cy9leHRyYS85MDB4MTM1MC83NzI5OTUtYTEud2VicA==.jpg http://memer.site/static/optmoyo.ru/aHR0cHM6Ly9jZG4xLm1veW8ubW9kYS93cy9leHRyYS85MDB4MTM1MC83NzI5OTUtYTIud2VicA==.jpg;"44/46;46/48;48/50"
;Топ #772994;MINIMI Арт: MA 141 СПОРТИВНЫЙ MILITARI ID: 772994 Цвет: Militari Состав: Полиамид 93%, Эластан 7% Сезон: Весна-Лето Дополнительная информация:/Модель бюстгальтера Спортивный/Основная ткань Полиамид/Страна бренда Италия/Страна производства Италия Описание: Бесшовный спортивный топ со вкладышами, широкими бретелями и спинкой-борцовкой, выполненный из мягкой эластичной микрофибры. Фронтальная часть модели декорирована надписью Minimi. Современные бесшовные технологии и материалы позволяют изделию идеально облегать тело, не оставляя следов от боковых швов, создавая максимальный комфорт при активной жизни и во время отдыха.;491.00;15;https://optmoyo.ru/product/772994;http://memer.site/static/optmoyo.ru/aHR0cHM6Ly9jZG4yLm1veW8ubW9kYS93cy9leHRyYS85MDB4MTM1MC83NzI5OTQtYTIud2VicA==.jpg http://memer.site/static/optmoyo.ru/aHR0cHM6Ly9jZG4xLm1veW8ubW9kYS93cy9leHRyYS85MDB4MTM1MC83NzI5OTQtYTMud2VicA==.jpg http://memer.site/static/optmoyo.ru/aHR0cHM6Ly9jZG4yLm1veW8ubW9kYS93cy9tYWluLzkwMHgxMzUwLzc3Mjk5NC53ZWJw.jpg http://memer.site/static/optmoyo.ru/aHR0cHM6Ly9jZG4wLm1veW8ubW9kYS93cy9leHRyYS85MDB4MTM1MC83NzI5OTQtYTEud2VicA==.jpg;"46/48;48/50"
;Топ #772993;MINIMI Арт: MA 141 СПОРТИВНЫЙ BLU NOTTE ID: 772993 Цвет: Blu notte Состав: Полиамид 93%, Эластан 7% Сезон: Весна-Лето Дополнительная информация:/Модель бюстгальтера Спортивный/Основная ткань Полиамид/Страна бренда Италия/Страна производства Италия Описание: Бесшовный спортивный топ со вкладышами, широкими бретелями и спинкой-борцовкой, выполненный из мягкой эластичной микрофибры. Фронтальная часть модели декорирована надписью Minimi. Современные бесшовные технологии и материалы позволяют изделию идеально облегать тело, не оставляя следов от боковых швов, создавая максимальный комфорт при активной жизни и во время отдыха.;491.00;15;https://optmoyo.ru/product/772993;http://memer.site/static/optmoyo.ru/aHR0cHM6Ly9jZG4xLm1veW8ubW9kYS93cy9leHRyYS85MDB4MTM1MC83NzI5OTMtYTMud2VicA==.jpg http://memer.site/static/optmoyo.ru/aHR0cHM6Ly9jZG4wLm1veW8ubW9kYS93cy9leHRyYS85MDB4MTM1MC83NzI5OTMtYTQud2VicA==.jpg http://memer.site/static/optmoyo.ru/aHR0cHM6Ly9jZG4xLm1veW8ubW9kYS93cy9tYWluLzkwMHgxMzUwLzc3Mjk5My53ZWJw.jpg http://memer.site/static/optmoyo.ru/aHR0cHM6Ly9jZG4wLm1veW8ubW9kYS93cy9leHRyYS85MDB4MTM1MC83NzI5OTMtYTEud2VicA==.jpg http://memer.site/static/optmoyo.ru/aHR0cHM6Ly9jZG4yLm1veW8ubW9kYS93cy9leHRyYS85MDB4MTM1MC83NzI5OTMtYTIud2VicA==.jpg;"44/46;46/48;48/50"
;Топ #772992;MINIMI Арт: MA 141 СПОРТИВНЫЙ BEIGE ID: 772992 Цвет: Beige Состав: Полиамид 93%, Эластан 7% Сезон: Весна-Лето Дополнительная информация:/Модель бюстгальтера Спортивный/Основная ткань Полиамид/Страна бренда Италия/Страна производства Италия Описание: Бесшовный спортивный топ со вкладышами, широкими бретелями и спинкой-борцовкой, выполненный из мягкой эластичной микрофибры. Фронтальная часть модели декорирована надписью Minimi. Современные бесшовные технологии и материалы позволяют изделию идеально облегать тело, не оставляя следов от боковых швов, создавая максимальный комфорт при активной жизни и во время отдыха.;491.00;15;https://optmoyo.ru/product/772992;http://memer.site/static/optmoyo.ru/aHR0cHM6Ly9jZG4yLm1veW8ubW9kYS93cy9leHRyYS85MDB4MTM1MC83NzI5OTItYTMud2VicA==.jpg http://memer.site/static/optmoyo.ru/aHR0cHM6Ly9jZG4xLm1veW8ubW9kYS93cy9leHRyYS85MDB4MTM1MC83NzI5OTItYTQud2VicA==.jpg http://memer.site/static/optmoyo.ru/aHR0cHM6Ly9jZG4wLm1veW8ubW9kYS93cy9tYWluLzkwMHgxMzUwLzc3Mjk5Mi53ZWJw.jpg http://memer.site/static/optmoyo.ru/aHR0cHM6Ly9jZG4xLm1veW8ubW9kYS93cy9leHRyYS85MDB4MTM1MC83NzI5OTItYTEud2VicA==.jpg http://memer.site/static/optmoyo.ru/aHR0cHM6Ly9jZG4wLm1veW8ubW9kYS93cy9leHRyYS85MDB4MTM1MC83NzI5OTItYTIud2VicA==.jpg;"44/46;46/48;48/50"
;Топ #747988;GIULIA Арт: TOP CLASSIC POPPY SEED ID: 747988 Цвет: Poppy seed Состав: Полиамид 94%, Эластан 6% Сезон: Демисезон Дополнительная информация:/Модель бюстгальтера Закрытый/Основная ткань Полиамид/Страна бренда Европа/Страна производства Китай Описание: Бесшовный топ с широкими бретелями, выполненный из мягкой микрофибры. Модель представлена в обширной цветовой гамме.;270.00;15;https://optmoyo.ru/product/747988;http://memer.site/static/optmoyo.ru/aHR0cHM6Ly9jZG4xLm1veW8ubW9kYS93cy9leHRyYS85MDB4MTM1MC83NDc5ODgtbjYyOTg2MC53ZWJw.jpg http://memer.site/static/optmoyo.ru/aHR0cHM6Ly9jZG4wLm1veW8ubW9kYS93cy9leHRyYS85MDB4MTM1MC83NDc5ODgtbjYyOTg2MS53ZWJw.jpg http://memer.site/static/optmoyo.ru/aHR0cHM6Ly9jZG4xLm1veW8ubW9kYS93cy9tYWluLzkwMHgxMzUwLzc0Nzk4OC53ZWJw.jpg http://memer.site/static/optmoyo.ru/aHR0cHM6Ly9jZG4wLm1veW8ubW9kYS93cy9leHRyYS85MDB4MTM1MC83NDc5ODgtbjYyOTg1OC53ZWJw.jpg http://memer.site/static/optmoyo.ru/aHR0cHM6Ly9jZG4yLm1veW8ubW9kYS93cy9leHRyYS85MDB4MTM1MC83NDc5ODgtbjYyOTg1OS53ZWJw.jpg;"46/48"
;Топ #747987;GIULIA Арт: TOP CLASSIC SPUN SUGAR ID: 747987 Цвет: Spun sugar Состав: Полиамид 94%, Эластан 6% Сезон: Демисезон Дополнительная информация:/Модель бюстгальтера Закрытый/Основная ткань Полиамид/Страна бренда Европа/Страна производства Китай Описание: Бесшовный топ с широкими бретелями, выполненный из мягкой микрофибры. Модель представлена в обширной цветовой гамме.;270.00;15;https://optmoyo.ru/product/747987;http://memer.site/static/optmoyo.ru/aHR0cHM6Ly9jZG4wLm1veW8ubW9kYS93cy9leHRyYS85MDB4MTM1MC83NDc5ODctbjYyOTg2NS53ZWJw.jpg http://memer.site/static/optmoyo.ru/aHR0cHM6Ly9jZG4yLm1veW8ubW9kYS93cy9leHRyYS85MDB4MTM1MC83NDc5ODctbjYyOTg2Ni53ZWJw.jpg http://memer.site/static/optmoyo.ru/aHR0cHM6Ly9jZG4wLm1veW8ubW9kYS93cy9tYWluLzkwMHgxMzUwLzc0Nzk4Ny53ZWJw.jpg http://memer.site/static/optmoyo.ru/aHR0cHM6Ly9jZG4xLm1veW8ubW9kYS93cy9leHRyYS85MDB4MTM1MC83NDc5ODctbjYyOTg2NC53ZWJw.jpg;"42/44;46/48"
;Топ #747984;GIULIA Арт: BRASSIERE BUBBLEGUM ID: 747984 Цвет: Bubblegum Состав: Полиамид 93%, Эластан 7% Сезон: Демисезон Дополнительная информация:/Модель бюстгальтера Закрытый/Основная ткань Полиамид/Страна бренда Европа/Страна производства Китай Описание: Бесшовный топик на тонких бретелях, выполненный из мягкой микрофибры. Модель представлена в обширной цветовой гамме.;250.00;15;https://optmoyo.ru/product/747984;http://memer.site/static/optmoyo.ru/aHR0cHM6Ly9jZG4xLm1veW8ubW9kYS93cy9leHRyYS85MDB4MTM1MC83NDc5ODQtbjYyOTg4Ni53ZWJw.jpg http://memer.site/static/optmoyo.ru/aHR0cHM6Ly9jZG4wLm1veW8ubW9kYS93cy9leHRyYS85MDB4MTM1MC83NDc5ODQtbjYyOTg4Ny53ZWJw.jpg http://memer.site/static/optmoyo.ru/aHR0cHM6Ly9jZG4wLm1veW8ubW9kYS93cy9tYWluLzkwMHgxMzUwLzc0Nzk4NC53ZWJw.jpg http://memer.site/static/optmoyo.ru/aHR0cHM6Ly9jZG4wLm1veW8ubW9kYS93cy9leHRyYS85MDB4MTM1MC83NDc5ODQtbjYyOTg4NC53ZWJw.jpg http://memer.site/static/optmoyo.ru/aHR0cHM6Ly9jZG4yLm1veW8ubW9kYS93cy9leHRyYS85MDB4MTM1MC83NDc5ODQtbjYyOTg4NS53ZWJw.jpg;"46/48"
;Топ #747983;GIULIA Арт: BRASSIERE SPUN SUGAR ID: 747983 Цвет: Spun sugar Состав: Полиамид 93%, Эластан 7% Сезон: Демисезон Дополнительная информация:/Модель бюстгальтера Закрытый/Основная ткань Полиамид/Страна бренда Европа/Страна производства Китай Описание: Бесшовный топик на тонких бретелях, выполненный из мягкой микрофибры. Модель представлена в обширной цветовой гамме.;250.00;15;https://optmoyo.ru/product/747983;http://memer.site/static/optmoyo.ru/aHR0cHM6Ly9jZG4xLm1veW8ubW9kYS93cy9leHRyYS85MDB4MTM1MC83NDc5ODMtbjYyOTg5MC53ZWJw.jpg http://memer.site/static/optmoyo.ru/aHR0cHM6Ly9jZG4wLm1veW8ubW9kYS93cy9leHRyYS85MDB4MTM1MC83NDc5ODMtbjYyOTg5MS53ZWJw.jpg http://memer.site/static/optmoyo.ru/aHR0cHM6Ly9jZG4yLm1veW8ubW9kYS93cy9tYWluLzkwMHgxMzUwLzc0Nzk4My53ZWJw.jpg http://memer.site/static/optmoyo.ru/aHR0cHM6Ly9jZG4wLm1veW8ubW9kYS93cy9leHRyYS85MDB4MTM1MC83NDc5ODMtbjYyOTg4OC53ZWJw.jpg http://memer.site/static/optmoyo.ru/aHR0cHM6Ly9jZG4yLm1veW8ubW9kYS93cy9leHRyYS85MDB4MTM1MC83NDc5ODMtbjYyOTg4OS53ZWJw.jpg;"42/44;46/48"
;Топ #747982;GIULIA Арт: BRASSIERE INNUENDO ID: 747982 Цвет: Innuendo Состав: Полиамид 93%, Эластан 7% Сезон: Демисезон Дополнительная информация:/Модель бюстгальтера Закрытый/Основная ткань Полиамид/Страна бренда Европа/Страна производства Китай Описание: Бесшовный топик на тонких бретелях, выполненный из мягкой микрофибры. Модель представлена в обширной цветовой гамме.;250.00;15;https://optmoyo.ru/product/747982;http://memer.site/static/optmoyo.ru/aHR0cHM6Ly9jZG4wLm1veW8ubW9kYS93cy9leHRyYS85MDB4MTM1MC83NDc5ODItbjYyOTg5NS53ZWJw.jpg http://memer.site/static/optmoyo.ru/aHR0cHM6Ly9jZG4yLm1veW8ubW9kYS93cy9leHRyYS85MDB4MTM1MC83NDc5ODItbjYyOTg5Ni53ZWJw.jpg http://memer.site/static/optmoyo.ru/aHR0cHM6Ly9jZG4xLm1veW8ubW9kYS93cy9tYWluLzkwMHgxMzUwLzc0Nzk4Mi53ZWJw.jpg http://memer.site/static/optmoyo.ru/aHR0cHM6Ly9jZG4yLm1veW8ubW9kYS93cy9leHRyYS85MDB4MTM1MC83NDc5ODItbjYyOTg5My53ZWJw.jpg http://memer.site/static/optmoyo.ru/aHR0cHM6Ly9jZG4xLm1veW8ubW9kYS93cy9leHRyYS85MDB4MTM1MC83NDc5ODItbjYyOTg5NC53ZWJw.jpg;"46/48"
;Комплект (топ+трусики) 6642 #717563;НАТАЛИ Арт: 20110 ID: 717563 Цвет: Капучино (ед.) Состав: Хлопок 100% Сезон: Демисезон Дополнительная информация:/Модель бюстгальтера Спортивный/Рисунок Надпись/Основная ткань Хлопок/Модель трусов Слипы/Особенности белья Спортивное/Страна бренда Россия/Страна производства Россия/Вид ткани Лапша Описание: Комплект женского белья топ +трусики. Ткань лапша 100% хлопок. Трусики с высокой посадкой, по низу топа и верху трусиков - декоративная лента;816.00;15;https://optmoyo.ru/product/717563;http://memer.site/static/optmoyo.ru/aHR0cHM6Ly9jZG4yLm1veW8ubW9kYS93cy9tYWluLzkwMHgxMzUwLzcxNzU2My53ZWJw.jpg http://memer.site/static/optmoyo.ru/aHR0cHM6Ly9jZG4wLm1veW8ubW9kYS93cy9leHRyYS85MDB4MTM1MC83MTc1NjMtYTEud2VicA==.jpg;"42;46;50"
;Топ-бра #676071;OPIUM Арт: Топ-бра женский Опиум В-19 красный ID: 676071 Цвет: Красный Состав: 95% Хлопок  5% Эластан Сезон: Демисезон Дополнительная информация:/Модель бюстгальтера С плотной чашкой/Основная ткань Хлопок/Страна бренда Китай/Страна производства Китай Описание: Топ-бра в спортивном стиле из коллекции OPIUM Star Гладкая формованная чашка красиво очерчивает грудь. Внутри небольшой push-up. Сзади бретели крест-накрест, поэтому не сползают с плеч при активном движении. Насыщенный красный цвет и фирменная резинка – изюминки этой модели. Также есть вариант в более спокойном оттенке «серый меланж». Комфортный и эффектный сет можно составить с трусиками T-99 или шортиками P- 30 из коллекции OPIUM Star.;990.00;15;https://optmoyo.ru/product/676071;http://memer.site/static/optmoyo.ru/aHR0cHM6Ly9jZG4yLm1veW8ubW9kYS93cy9leHRyYS85MDB4MTM1MC82NzYwNzEtbjUzODU4Ny53ZWJw.jpg http://memer.site/static/optmoyo.ru/aHR0cHM6Ly9jZG4xLm1veW8ubW9kYS93cy9leHRyYS85MDB4MTM1MC82NzYwNzEtbjUzODU4OC53ZWJw.jpg http://memer.site/static/optmoyo.ru/aHR0cHM6Ly9jZG4wLm1veW8ubW9kYS93cy9tYWluLzkwMHgxMzUwLzY3NjA3MS53ZWJw.jpg http://memer.site/static/optmoyo.ru/aHR0cHM6Ly9jZG4wLm1veW8ubW9kYS93cy9leHRyYS85MDB4MTM1MC82NzYwNzEtbjUzODU4My53ZWJw.jpg http://memer.site/static/optmoyo.ru/aHR0cHM6Ly9jZG4yLm1veW8ubW9kYS93cy9leHRyYS85MDB4MTM1MC82NzYwNzEtbjUzODU4NC53ZWJw.jpg http://memer.site/static/optmoyo.ru/aHR0cHM6Ly9jZG4xLm1veW8ubW9kYS93cy9leHRyYS85MDB4MTM1MC82NzYwNzEtbjUzODU4NS53ZWJw.jpg http://memer.site/static/optmoyo.ru/aHR0cHM6Ly9jZG4wLm1veW8ubW9kYS93cy9leHRyYS85MDB4MTM1MC82NzYwNzEtbjUzODU4Ni53ZWJw.jpg;"42;44;46;48"
;Трусы #675889;OPIUM Арт: Трусы женские стринг Опиум Т - 39 bianco ID: 675889 Цвет: bianco Состав: Хлопок 95%, Эластан 5% Сезон: Демисезон Дополнительная информация:/Рисунок нет/Основная ткань Хлопок/Стиль Спортивный/Модель трусов Стринги/Страна бренда Китай/Страна производства Китай/Посадка Низкая Описание: Трусы-стринг с заниженной талией из хлопка с эластаном, с комфортной фирменной резинкой нарядного контрастного красного цвета с логотипом OPIUM, на каждый день и занятий спортом, выполнены в трех цветах.;350.00;15;https://optmoyo.ru/product/675889;http://memer.site/static/optmoyo.ru/aHR0cHM6Ly9jZG4xLm1veW8ubW9kYS93cy9tYWluLzkwMHgxMzUwLzY3NTg4OS53ZWJw.jpg http://memer.site/static/optmoyo.ru/aHR0cHM6Ly9jZG4wLm1veW8ubW9kYS93cy9leHRyYS85MDB4MTM1MC82NzU4ODktbjUzODE5OC53ZWJw.jpg;"42;44;46;48"
;Трусы #675888;OPIUM Арт: Трусы женские стринг Опиум Т - 39 grigio melange ID: 675888 Цвет: grigio melange Состав: Хлопок 95%, Эластан 5% Сезон: Демисезон Дополнительная информация:/Рисунок нет/Основная ткань Хлопок/Стиль Спортивный/Модель трусов Стринги/Страна бренда Китай/Страна производства Китай/Посадка Низкая Описание: Трусы-стринг с заниженной талией из хлопка с эластаном, с комфортной фирменной резинкой нарядного контрастного красного цвета с логотипом OPIUM, на каждый день и занятий спортом, выполнены в трех цветах.;350.00;15;https://optmoyo.ru/product/675888;http://memer.site/static/optmoyo.ru/aHR0cHM6Ly9jZG4xLm1veW8ubW9kYS93cy9leHRyYS85MDB4MTM1MC82NzU4ODgtbjUzODE5Ni53ZWJw.jpg http://memer.site/static/optmoyo.ru/aHR0cHM6Ly9jZG4wLm1veW8ubW9kYS93cy9leHRyYS85MDB4MTM1MC82NzU4ODgtbjUzODE5Ny53ZWJw.jpg http://memer.site/static/optmoyo.ru/aHR0cHM6Ly9jZG4wLm1veW8ubW9kYS93cy9tYWluLzkwMHgxMzUwLzY3NTg4OC53ZWJw.jpg;"42"
;Трусы #675873;OPIUM Арт: Трусы женские танго Опиум Т - 4 bianco ID: 675873 Цвет: Белый Состав: Хлопок 95%, Эластан 5% Сезон: Демисезон Дополнительная информация:/Рисунок нет/Основная ткань Хлопок/Стиль Базовый/Модель трусов Танга/Страна бренда Китай/Страна производства Китай/Посадка Низкая Описание: Трусы-танга из хлопка с эластаном, с комфортной фирменной резинкой с логотипом OPIUM, на каждый день. Выполнены в трех цветах.;275.00;15;https://optmoyo.ru/product/675873;http://memer.site/static/optmoyo.ru/aHR0cHM6Ly9jZG4wLm1veW8ubW9kYS93cy9tYWluLzkwMHgxMzUwLzY3NTg3My53ZWJw.jpg http://memer.site/static/optmoyo.ru/aHR0cHM6Ly9jZG4yLm1veW8ubW9kYS93cy9leHRyYS85MDB4MTM1MC82NzU4NzMtbjUzODE2Ny53ZWJw.jpg;"46"
;Велосипедки #421177;GIULIA Арт: TRACKS 01 NATURALE ID: 421177 Цвет: Naturale Состав: 91% Полиамид, 9% Эластан Сезон: Весна-Лето Дополнительная информация:/Длина Средняя/Фасон Облегающие/Рисунок Без рисунка/Основная ткань Полиамид/Стиль Спортивный/Страна бренда Европа/Страна производства Украина Описание: Мягкие бесшовные шорты-велосипедки облегающего кроя, с широким комфортным поясом, однотонные.;500.00;15;https://optmoyo.ru/product/421177;http://memer.site/static/optmoyo.ru/aHR0cHM6Ly9jZG4wLm1veW8ubW9kYS93cy9leHRyYS85MDB4MTM1MC80MjExNzctbjUyOTQxMi53ZWJw.jpg http://memer.site/static/optmoyo.ru/aHR0cHM6Ly9jZG4yLm1veW8ubW9kYS93cy9leHRyYS85MDB4MTM1MC80MjExNzctbjUyOTQxMy53ZWJw.jpg http://memer.site/static/optmoyo.ru/aHR0cHM6Ly9jZG4xLm1veW8ubW9kYS93cy9tYWluLzkwMHgxMzUwLzQyMTE3Ny53ZWJw.jpg;"42/44;46/48"
;Трусы #645558;OPIUM Арт: Трусы женские стринг Опиум Т - 39 nero ID: 645558 Цвет: nero Состав: Хлопок 95%, Эластан 5% Сезон: Демисезон Дополнительная информация:/Рисунок нет/Основная ткань Хлопок/Стиль Спортивный/Модель трусов Стринги/Страна бренда Китай/Страна производства Китай/Посадка Низкая Описание: Трусы-стринг с заниженной талией из хлопка с эластаном, с комфортной фирменной резинкой нарядного контрастного красного цвета с логотипом OPIUM, на каждый день и занятий спортом, выполнены в трех цветах.;350.00;15;https://optmoyo.ru/product/645558;http://memer.site/static/optmoyo.ru/aHR0cHM6Ly9jZG4wLm1veW8ubW9kYS93cy9tYWluLzkwMHgxMzUwLzY0NTU1OC53ZWJw.jpg http://memer.site/static/optmoyo.ru/aHR0cHM6Ly9jZG4xLm1veW8ubW9kYS93cy9leHRyYS85MDB4MTM1MC82NDU1NTgtbjUwMzY1NC53ZWJw.jpg;"46"
;Бюстгальтер #308223;OPIUM Арт: Бюст женский Опиум B-16 black ID: 308223 Цвет: Чёрный Состав: 45% Хлопок  51% Полиэcтер  4% эластан Сезон: Демисезон Дополнительная информация:/Модель бюстгальтера С плотной чашкой/Основная ткань Хлопок/Страна бренда Китай/Страна производства Китай Описание: Уютный и практичный бюстгальтер в спортивном стиле с хлопковыми чашками со съемными поролоновыми вставками. Отделка и резинка цвета DENIM. Регулируемые тонкие бретели с выбитым логотипом Opium. Сетчатые вставки по бокам. Застежка сзади на крючки. С трусиками Т-90 – отличный комплект для активной современной девушки.;905.00;15;https://optmoyo.ru/product/308223;http://memer.site/static/optmoyo.ru/aHR0cHM6Ly9jZG4wLm1veW8ubW9kYS93cy9leHRyYS85MDB4MTM1MC8zMDgyMjMtbjQ5NDUxMi53ZWJw.jpg http://memer.site/static/optmoyo.ru/aHR0cHM6Ly9jZG4yLm1veW8ubW9kYS93cy9leHRyYS85MDB4MTM1MC8zMDgyMjMtbjQ5NDUxMS53ZWJw.jpg http://memer.site/static/optmoyo.ru/aHR0cHM6Ly9jZG4wLm1veW8ubW9kYS93cy9tYWluLzkwMHgxMzUwLzMwODIyMy53ZWJw.jpg http://memer.site/static/optmoyo.ru/aHR0cHM6Ly9jZG4yLm1veW8ubW9kYS93cy9leHRyYS85MDB4MTM1MC8zMDgyMjMtbjQ5NDUxMy53ZWJw.jpg http://memer.site/static/optmoyo.ru/aHR0cHM6Ly9jZG4xLm1veW8ubW9kYS93cy9leHRyYS85MDB4MTM1MC8zMDgyMjMtbjQ5NDUxMC53ZWJw.jpg;"70B;75B;75С;80B"
;Бюстгальтер #308220;OPIUM Арт: Бюст женский Опиум B-6 dark grey ID: 308220 Цвет: Тёмно-серый Состав: 48% Модал, 40% Полиэстер, 12% Эластан Сезон: Демисезон Дополнительная информация:/Модель бюстгальтера Пуш-ап/Основная ткань Модал/Страна бренда Китай/Страна производства Китай Описание: Классический бюстгальтер Push-Up с элементами спортивного стиля - резинкой и бретелями с логотипом Opium. Удобная деталь: бретели отстёгиваются сзади, что позволяет осуществить различные варианты их ношения: классический, крест на крест, через шею - под соответствующие вырезы проймы и горловины верхней одежды. С трусами T-85 - универсальный комплект на все случаи жизни.;1049.00;15;https://optmoyo.ru/product/308220;http://memer.site/static/optmoyo.ru/aHR0cHM6Ly9jZG4wLm1veW8ubW9kYS93cy9leHRyYS85MDB4MTM1MC8zMDgyMjAtbjQ5NDQ2Mi53ZWJw.jpg http://memer.site/static/optmoyo.ru/aHR0cHM6Ly9jZG4yLm1veW8ubW9kYS93cy9leHRyYS85MDB4MTM1MC8zMDgyMjAtbjQ5NDQ1Ny53ZWJw.jpg http://memer.site/static/optmoyo.ru/aHR0cHM6Ly9jZG4wLm1veW8ubW9kYS93cy9tYWluLzkwMHgxMzUwLzMwODIyMC53ZWJw.jpg http://memer.site/static/optmoyo.ru/aHR0cHM6Ly9jZG4wLm1veW8ubW9kYS93cy9leHRyYS85MDB4MTM1MC8zMDgyMjAtbjQ5NDQ2MS53ZWJw.jpg http://memer.site/static/optmoyo.ru/aHR0cHM6Ly9jZG4yLm1veW8ubW9kYS93cy9leHRyYS85MDB4MTM1MC8zMDgyMjAtbjQ5NDQ1OS53ZWJw.jpg http://memer.site/static/optmoyo.ru/aHR0cHM6Ly9jZG4xLm1veW8ubW9kYS93cy9leHRyYS85MDB4MTM1MC8zMDgyMjAtbjQ5NDQ2MC53ZWJw.jpg http://memer.site/static/optmoyo.ru/aHR0cHM6Ly9jZG4wLm1veW8ubW9kYS93cy9leHRyYS85MDB4MTM1MC8zMDgyMjAtbjQ5NDQ2My53ZWJw.jpg http://memer.site/static/optmoyo.ru/aHR0cHM6Ly9jZG4yLm1veW8ubW9kYS93cy9leHRyYS85MDB4MTM1MC8zMDgyMjAtbjQ5NDQ1OC53ZWJw.jpg http://memer.site/static/optmoyo.ru/aHR0cHM6Ly9jZG4xLm1veW8ubW9kYS93cy9leHRyYS85MDB4MTM1MC8zMDgyMjAtbjQ5NDQ1Ni53ZWJw.jpg;"70B;75B;75С"
;Трусы #272144;CLEVER Арт: STM501 ID: 272144 Цвет: Молочный Состав: 92% Хлопок 8% Эластан Сезон: Осень-Зима Дополнительная информация:/Рисунок Без рисунка/Декоративные элементы Кружево/Основная ткань Хлопок/Модель трусов Стринги/Особенности белья Фантазийное/Страна бренда Россия/Страна производства Россия/Посадка Средняя Описание: Трусы стринги из однотонного полотна. Модель комфортной посадки. По поясу выполнено средней ширины кружево, по ножкам идет фестон. Передняя часть изделия симметрично по бокам украшена кружевными полосками. По центру переда располагается атласный бантик.;118.80;15;https://optmoyo.ru/product/272144;http://memer.site/static/optmoyo.ru/aHR0cHM6Ly9jZG4yLm1veW8ubW9kYS93cy9tYWluLzkwMHgxMzUwLzI3MjE0NC53ZWJw.jpg http://memer.site/static/optmoyo.ru/aHR0cHM6Ly9jZG4xLm1veW8ubW9kYS93cy9leHRyYS85MDB4MTM1MC8yNzIxNDQtbjQ1Mjk2NC53ZWJw.jpg;"42"
;Трусы #272143;CLEVER Арт: STM500к ID: 272143 Цвет: Т.розовый Состав: 74% Полиамид, 26% Эластан Сезон: Осень-Зима Дополнительная информация:/Рисунок Без рисунка/Основная ткань Полиамид/Модель трусов Стринги/Особенности белья Фантазийное/Страна бренда Россия/Страна производства Россия/Посадка Низкая Описание: Трусы стринги, изготовлены из однотонного эластичного полиамидного полотна. Края изделия обработаны лазером, благодаря чему нити не распускаются. Модель не заметна под облегающей одеждой, прекрасно держит форму, но при этом отличается эластичностью.;240.00;15;https://optmoyo.ru/product/272143;http://memer.site/static/optmoyo.ru/aHR0cHM6Ly9jZG4xLm1veW8ubW9kYS93cy9tYWluLzkwMHgxMzUwLzI3MjE0My53ZWJw.jpg http://memer.site/static/optmoyo.ru/aHR0cHM6Ly9jZG4yLm1veW8ubW9kYS93cy9leHRyYS85MDB4MTM1MC8yNzIxNDMtbjQ1Mjk2My53ZWJw.jpg;"42;44;46;48;50"
;Трусы #272142;CLEVER Арт: STM500к ID: 272142 Цвет: Т.голубой Состав: 74% Полиамид, 26% Эластан Сезон: Осень-Зима Дополнительная информация:/Рисунок Без рисунка/Основная ткань Полиамид/Модель трусов Стринги/Особенности белья Фантазийное/Страна бренда Россия/Страна производства Россия/Посадка Низкая Описание: Трусы стринги, изготовлены из однотонного эластичного полиамидного полотна. Края изделия обработаны лазером, благодаря чему нити не распускаются. Модель не заметна под облегающей одеждой, прекрасно держит форму, но при этом отличается эластичностью.;240.00;15;https://optmoyo.ru/product/272142;http://memer.site/static/optmoyo.ru/aHR0cHM6Ly9jZG4wLm1veW8ubW9kYS93cy9tYWluLzkwMHgxMzUwLzI3MjE0Mi53ZWJw.jpg http://memer.site/static/optmoyo.ru/aHR0cHM6Ly9jZG4xLm1veW8ubW9kYS93cy9leHRyYS85MDB4MTM1MC8yNzIxNDItbjQ1Mjk2Mi53ZWJw.jpg;"42;44;46;48;50"
;Трусы #272141;CLEVER Арт: STM500к ID: 272141 Цвет: Св.бежевый Состав: 74% Полиамид, 26% Эластан Сезон: Осень-Зима Дополнительная информация:/Рисунок Без рисунка/Основная ткань Полиамид/Модель трусов Стринги/Особенности белья Фантазийное/Страна бренда Россия/Страна производства Россия/Посадка Низкая Описание: Трусы стринги, изготовлены из однотонного эластичного полиамидного полотна. Края изделия обработаны лазером, благодаря чему нити не распускаются. Модель не заметна под облегающей одеждой, прекрасно держит форму, но при этом отличается эластичностью.;240.00;15;https://optmoyo.ru/product/272141;http://memer.site/static/optmoyo.ru/aHR0cHM6Ly9jZG4yLm1veW8ubW9kYS93cy9tYWluLzkwMHgxMzUwLzI3MjE0MS53ZWJw.jpg http://memer.site/static/optmoyo.ru/aHR0cHM6Ly9jZG4yLm1veW8ubW9kYS93cy9leHRyYS85MDB4MTM1MC8yNzIxNDEtbjQ1Mjk2MS53ZWJw.jpg;"48;50"
;Трусы #249353;GIULIA Арт: MIDI BRIEFS bianco ID: 249353 Цвет: Белый Состав: Полиамид 91%, Эластан 7% Хлопок 2% Сезон: Демисезон Дополнительная информация:/Рисунок нет/Декоративные элементы Нет/Основная ткань Полиамид/Модель трусов Шорты/Страна бренда Европа/Страна производства Италия/Посадка Высокая Описание:;230.00;15;https://optmoyo.ru/product/249353;http://memer.site/static/optmoyo.ru/aHR0cHM6Ly9jZG4yLm1veW8ubW9kYS93cy9tYWluLzkwMHgxMzUwLzI0OTM1My53ZWJw.jpg http://memer.site/static/optmoyo.ru/aHR0cHM6Ly9jZG4yLm1veW8ubW9kYS93cy9leHRyYS85MDB4MTM1MC8yNDkzNTMtbjQxMTQ3NS53ZWJw.jpg;"42;44;46;48"
;Трусы #223232;GATTA Арт: STRING ULTRA COMFORT biege ID: 223232 Цвет: Бежевый Состав: Полиамид 85%, Эластан 13%, Хлопок 2% Сезон: Демисезон Дополнительная информация:/Модель трусиков Стринги/Рисунок Без рисунка/Основная ткань Полиамид/Страна бренда Польша/Страна производства Польша Описание:;290.00;15;https://optmoyo.ru/product/223232;http://memer.site/static/optmoyo.ru/aHR0cHM6Ly9jZG4yLm1veW8ubW9kYS93cy9tYWluLzkwMHgxMzUwLzIyMzIzMi53ZWJw.jpg http://memer.site/static/optmoyo.ru/aHR0cHM6Ly9jZG4wLm1veW8ubW9kYS93cy9leHRyYS85MDB4MTM1MC8yMjMyMzItbjM1NTUxNS53ZWJw.jpg;"44;46;48"
;Топ #173593;GIULIA Арт: TOP CLASSIC tanager turquoise ID: 173593 Цвет: Голубой Состав: Полиамид 94%, Эластан 6% Сезон: Демисезон Дополнительная информация:/Фасон Облегающий/Вырез горловины Круглый/Модель бюстгальтера Закрытый/Рисунок Без рисунка/Основная ткань Полиамид/Стиль Базовый/Особенности белья Бесшовное/Страна бренда Европа/Страна производства Украина Описание: Бесшовный топ с широкими бретелями, выполненный из мягкой микрофибры.;270.00;15;https://optmoyo.ru/product/173593;http://memer.site/static/optmoyo.ru/aHR0cHM6Ly9jZG4xLm1veW8ubW9kYS93cy9tYWluLzkwMHgxMzUwLzE3MzU5My53ZWJw.jpg http://memer.site/static/optmoyo.ru/aHR0cHM6Ly9jZG4wLm1veW8ubW9kYS93cy9leHRyYS85MDB4MTM1MC8xNzM1OTMtbjI3NzM0Ny53ZWJw.jpg;"46/48"
;Трусы #157800;JADEA Арт: 6960 SLIP grigio ID: 157800 Цвет: Серый клетка Состав: Хлопок 57%, Полиэстер 38%, Эластан 5% Сезон: Демисезон Дополнительная информация:/Рисунок Клетка/Основная ткань Хлопок/Модель трусов Слипы/Страна бренда Италия/Страна производства Италия/Посадка Низкая Описание: Трусы-слипы из эластичного хлопка, на поясе широкая вшивная резинка. Модель декорирована ярким принтом разноцветная клетка.;110.00;15;https://optmoyo.ru/product/157800;http://memer.site/static/optmoyo.ru/aHR0cHM6Ly9jZG4wLm1veW8ubW9kYS93cy9tYWluLzkwMHgxMzUwLzE1NzgwMC53ZWJw.jpg http://memer.site/static/optmoyo.ru/aHR0cHM6Ly9jZG4yLm1veW8ubW9kYS93cy9leHRyYS85MDB4MTM1MC8xNTc4MDAtbjI0NTQ0OS53ZWJw.jpg;"2"
;Трусы #156975;JADEA Арт: 6960 SLIP blu ID: 156975 Цвет: Клетка / синий Состав: Хлопок 57%, Полиэстер 38%, Эластан 5% Сезон: Демисезон Дополнительная информация:/Рисунок Клетка/Основная ткань Хлопок/Модель трусов Слипы/Страна бренда Италия/Страна производства Италия/Посадка Низкая Описание: Трусы-слипы из эластичного хлопка, на поясе широкая вшивная резинка. Модель декорирована ярким принтом разноцветная клетка.;110.00;15;https://optmoyo.ru/product/156975;http://memer.site/static/optmoyo.ru/aHR0cHM6Ly9jZG4wLm1veW8ubW9kYS93cy9tYWluLzkwMHgxMzUwLzE1Njk3NS53ZWJw.jpg http://memer.site/static/optmoyo.ru/aHR0cHM6Ly9jZG4yLm1veW8ubW9kYS93cy9leHRyYS85MDB4MTM1MC8xNTY5NzUtbjI0NTQ0OC53ZWJw.jpg;"2"
;Топ #148821;GIULIA Арт: COTTON BRALETT 01 VAR B nero ID: 148821 Цвет: Черный Состав: Хлопок 95%, Эластан 5% Сезон: Демисезон Дополнительная информация:/Длина Короткая/Фасон Облегающий/Рукав Без рукава/Вырез горловины Круглый/Основная ткань Хлопок/Стиль Спортивный/Страна бренда Европа/Страна производства Украина Описание: Хлопковый спортивный топик на тонких бретелях. Резинка модели декорирована круговой надписью Giulia.;180.00;15;https://optmoyo.ru/product/148821;http://memer.site/static/optmoyo.ru/aHR0cHM6Ly9jZG4wLm1veW8ubW9kYS93cy9tYWluLzkwMHgxMzUwLzE0ODgyMS53ZWJw.jpg http://memer.site/static/optmoyo.ru/aHR0cHM6Ly9jZG4xLm1veW8ubW9kYS93cy9leHRyYS85MDB4MTM1MC8xNDg4MjEtbjIyNzA2MC53ZWJw.jpg;"42;44;46"
;Топ #148820;GIULIA Арт: COTTON BRALETT 01 VAR B grigio melange ID: 148820 Цвет: Серый Состав: Хлопок 95%, Эластан 5% Сезон: Демисезон Дополнительная информация:/Длина Короткая/Фасон Облегающий/Рукав Без рукава/Вырез горловины Круглый/Основная ткань Хлопок/Стиль Спортивный/Страна бренда Европа/Страна производства Украина Описание: Хлопковый спортивный топик на тонких бретелях. Резинка модели декорирована круговой надписью Giulia.;180.00;15;https://optmoyo.ru/product/148820;http://memer.site/static/optmoyo.ru/aHR0cHM6Ly9jZG4yLm1veW8ubW9kYS93cy9tYWluLzkwMHgxMzUwLzE0ODgyMC53ZWJw.jpg http://memer.site/static/optmoyo.ru/aHR0cHM6Ly9jZG4yLm1veW8ubW9kYS93cy9leHRyYS85MDB4MTM1MC8xNDg4MjAtbjIyNzA1OS53ZWJw.jpg;"46"
;Топ #148817;GIULIA Арт: COTTON BRALETT 01 grigio melange ID: 148817 Цвет: Серый Состав: Хлопок 95%, Эластан 5% Сезон: Демисезон Дополнительная информация:/Длина Короткая/Фасон Облегающий/Рукав Без рукава/Вырез горловины Круглый/Основная ткань Хлопок/Стиль Спортивный/Страна бренда Европа/Страна производства Украина Описание: Хлопковый спортивный топик на тонких бретелях. Резинка модели декорирована круговой надписью Giulia.;180.00;15;https://optmoyo.ru/product/148817;http://memer.site/static/optmoyo.ru/aHR0cHM6Ly9jZG4yLm1veW8ubW9kYS93cy9tYWluLzkwMHgxMzUwLzE0ODgxNy53ZWJw.jpg http://memer.site/static/optmoyo.ru/aHR0cHM6Ly9jZG4yLm1veW8ubW9kYS93cy9leHRyYS85MDB4MTM1MC8xNDg4MTctbjIyNzA1Ni53ZWJw.jpg;"42"
;Топ #148815;GIULIA Арт: COTTON BRALETT 01 bianco ID: 148815 Цвет: Белый Состав: Хлопок 95%, Эластан 5% Сезон: Демисезон Дополнительная информация:/Длина Короткая/Фасон Облегающий/Рукав Без рукава/Вырез горловины Круглый/Основная ткань Хлопок/Стиль Спортивный/Страна бренда Европа/Страна производства Украина Описание: Хлопковый спортивный топик на тонких бретелях. Резинка модели декорирована круговой надписью Giulia.;180.00;15;https://optmoyo.ru/product/148815;http://memer.site/static/optmoyo.ru/aHR0cHM6Ly9jZG4wLm1veW8ubW9kYS93cy9tYWluLzkwMHgxMzUwLzE0ODgxNS53ZWJw.jpg http://memer.site/static/optmoyo.ru/aHR0cHM6Ly9jZG4xLm1veW8ubW9kYS93cy9leHRyYS85MDB4MTM1MC8xNDg4MTUtbjIyNzA1NC53ZWJw.jpg;"44"
;Топ #144865;GIULIA Арт: BRASSIERE jester red ID: 144865 Цвет: Бордовый Состав: Полиамид 93%, Эластан 7% Сезон: Демисезон Дополнительная информация:/Рисунок Без рисунка/Особенности белья Бесшовное/Страна бренда Европа/Страна производства Украина Описание: Бесшовный топик на тонких бретелях, выполненный из мягкой микрофибры.;250.00;15;https://optmoyo.ru/product/144865;http://memer.site/static/optmoyo.ru/aHR0cHM6Ly9jZG4xLm1veW8ubW9kYS93cy9tYWluLzkwMHgxMzUwLzE0NDg2NS53ZWJw.jpg http://memer.site/static/optmoyo.ru/aHR0cHM6Ly9jZG4yLm1veW8ubW9kYS93cy9leHRyYS85MDB4MTM1MC8xNDQ4NjUtbjIxNzExOC53ZWJw.jpg;"42/44;46/48"
;Топ #144860;GIULIA Арт: BRASSIERE bianco ID: 144860 Цвет: Белый Состав: Полиамид 93%, Эластан 7% Сезон: Демисезон Дополнительная информация:/Рисунок Без рисунка/Особенности белья Бесшовное/Страна бренда Европа/Страна производства Украина Описание: Бесшовный топик на тонких бретелях, выполненный из мягкой микрофибры.;250.00;15;https://optmoyo.ru/product/144860;http://memer.site/static/optmoyo.ru/aHR0cHM6Ly9jZG4yLm1veW8ubW9kYS93cy9tYWluLzkwMHgxMzUwLzE0NDg2MC53ZWJw.jpg http://memer.site/static/optmoyo.ru/aHR0cHM6Ly9jZG4wLm1veW8ubW9kYS93cy9leHRyYS85MDB4MTM1MC8xNDQ4NjAtbjIxNzExMi53ZWJw.jpg;"46/48"
;Топ #144859;GIULIA Арт: BRASSIERE nero ID: 144859 Цвет: Черный Состав: Полиамид 93%, Эластан 7% Сезон: Демисезон Дополнительная информация:/Рисунок Без рисунка/Особенности белья Бесшовное/Страна бренда Европа/Страна производства Украина Описание: Бесшовный топик на тонких бретелях, выполненный из мягкой микрофибры.;250.00;15;https://optmoyo.ru/product/144859;http://memer.site/static/optmoyo.ru/aHR0cHM6Ly9jZG4xLm1veW8ubW9kYS93cy9tYWluLzkwMHgxMzUwLzE0NDg1OS53ZWJw.jpg http://memer.site/static/optmoyo.ru/aHR0cHM6Ly9jZG4yLm1veW8ubW9kYS93cy9leHRyYS85MDB4MTM1MC8xNDQ4NTktbjIxNzExMS53ZWJw.jpg;"46/48"
;Трусы #143987;GIULIA Арт: CULOTTE VITA BASSA jester red ID: 143987 Цвет: Малиновый Состав: Полиамид 93%, Эластан 7% Сезон: Демисезон Дополнительная информация:/Рисунок Без рисунка/Модель трусов Шорты/Особенности белья Бесшовное/Страна бренда Европа/Страна производства Украина/Посадка Низкая Описание: Бесшовные трусики-шорты с заниженной линией талии, широкой боковой частью и гигиеничной ластовицей, выполненные из мягкой микрофибры.;150.00;15;https://optmoyo.ru/product/143987;http://memer.site/static/optmoyo.ru/aHR0cHM6Ly9jZG4yLm1veW8ubW9kYS93cy9tYWluLzkwMHgxMzUwLzE0Mzk4Ny53ZWJw.jpg http://memer.site/static/optmoyo.ru/aHR0cHM6Ly9jZG4xLm1veW8ubW9kYS93cy9leHRyYS85MDB4MTM1MC8xNDM5ODctbjIxNTQ1OS53ZWJw.jpg;"42/44"
;Топ #141590;GIULIA Арт: COTTON BRA 01 nero ID: 141590 Цвет: Черный Состав: Хлопок 95%, Эластан 5% Сезон: Демисезон Дополнительная информация:/Длина Короткая/Фасон Облегающий/Рукав Без рукава/Вырез горловины Круглый/Основная ткань Хлопок/Стиль Спортивный/Страна бренда Европа/Страна производства Украина Описание: Хлопковый спортивный топ со спинкой-борцовкой, овальным вырезом и широкими бретелями. Резинка модели декорирована круговой надписью Giulia.;230.00;15;https://optmoyo.ru/product/141590;http://memer.site/static/optmoyo.ru/aHR0cHM6Ly9jZG4xLm1veW8ubW9kYS93cy9leHRyYS85MDB4MTM1MC8xNDE1OTAtbjIxMDc2NS53ZWJw.jpg http://memer.site/static/optmoyo.ru/aHR0cHM6Ly9jZG4wLm1veW8ubW9kYS93cy9leHRyYS85MDB4MTM1MC8xNDE1OTAtbjIxMDc2Ni53ZWJw.jpg http://memer.site/static/optmoyo.ru/aHR0cHM6Ly9jZG4yLm1veW8ubW9kYS93cy9tYWluLzkwMHgxMzUwLzE0MTU5MC53ZWJw.jpg;"42;44;46"
